unix,low,high,open,close,volume,date,vol_fiat
1732147200,94127.2,99073.53,94384.15,98439.09,31188.09394751,2024-11-20 19:00:00-05:00,3070127587.027392
1732233600,97209.52,99860.0,98439.1,99024.03,29936.62215019,2024-11-21 19:00:00-05:00,2964444969.899079
1732320000,97215.01,99044.11,99024.03,97778.77,12072.47203722,2024-11-22 19:00:00-05:00,1180431466.658766
1732406400,95780.77,98700.0,97778.78,98028.18,8654.77135767,2024-11-23 19:00:00-05:00,848411484.5085192
1732492800,92534.93,98999.0,98032.06,93000.01,20695.912495,2024-11-24 19:00:00-05:00,1924720068.994125
1732579200,90682.58,95004.92,93001.48,91929.54,17848.01962899,2024-11-25 19:00:00-05:00,1640760234.4040213
1732665600,91747.46,97386.06,91929.53,95951.19,15213.90946356,2024-11-26 19:00:00-05:00,1459792717.5808437
1732752000,94671.59,96676.31,95951.19,95665.53,5586.55288339,2024-11-27 19:00:00-05:00,534440542.4625325
1732838400,95383.46,98750.0,95665.53,97490.56,12587.02498942,2024-11-28 19:00:00-05:00,1227116114.95255
1732924800,96129.73,97509.6,97489.8,96465.42,3476.04255853,2024-11-29 19:00:00-05:00,335317905.346471
1733011200,95753.42,97895.9,96464.95,97263.18,4039.27591451,2024-11-30 19:00:00-05:00,392872820.3426507
1733097600,94400.63,98200.0,97259.17,95862.89,15554.61486745,2024-12-01 19:00:00-05:00,1491110334.0307238
1733184000,93571.3,96310.1,95862.89,95924.52,17898.7046212,2024-12-02 19:00:00-05:00,1716924649.4103918
1733270400,94634.85,99263.2,95924.85,98746.24,17528.92050771,2024-12-03 19:00:00-05:00,1730914991.3952537
1733356800,92055.86,104000.0,98746.24,97044.23,36399.8182427,2024-12-04 19:00:00-05:00,3532392333.5027742
1733443200,96424.2,102104.12,97049.47,99891.35,17801.21293952,2024-12-05 19:00:00-05:00,1778187192.1661212
1733529600,99012.73,100583.27,99885.37,99929.32,4774.3508777,2024-12-06 19:00:00-05:00,477097636.64996415
1733616000,98729.66,101435.05,99919.2,101174.99,4230.35225168,2024-12-07 19:00:00-05:00,428005846.7602015
1733702400,94220.8,101290.73,101175.0,97324.81,20103.05073464,2024-12-08 19:00:00-05:00,1956525593.1691985
1733788800,94273.38,98338.17,97330.66,96660.76,20620.53877488,2024-12-09 19:00:00-05:00,1993196949.5893695
1733875200,95722.79,101984.98,96660.75,101202.11,21190.23753294,2024-12-10 19:00:00-05:00,2144496749.7347224
1733961600,99298.39,102595.0,101211.61,100030.47,14796.92456547,2024-12-11 19:00:00-05:00,1480143318.83851
1734048000,99220.81,101959.13,100024.75,101428.75,13327.59954074,2024-12-12 19:00:00-05:00,1351801761.9178324
1734134400,100600.0,102650.0,101428.74,101399.99,4181.40180281,2024-12-13 19:00:00-05:00,423994100.990916
1734220800,101221.34,105100.0,101400.0,104447.76,7796.33358128,2024-12-14 19:00:00-05:00,814309578.7774738
1734307200,103289.21,107857.79,104445.15,106099.81,22575.87902891,2024-12-15 19:00:00-05:00,2395296475.5503354
1734393600,105337.97,108388.88,106099.98,106136.99,11994.58863972,2024-12-16 19:00:00-05:00,1273069534.5080752
1734480000,99939.82,106528.13,106145.83,100150.73,22294.42835455,2024-12-17 19:00:00-05:00,2232803274.640881
1734566400,95539.67,102796.22,100148.6,97372.21,23522.12863874,2024-12-18 19:00:00-05:00,2290401649.4584055
1734652800,92115.66,98132.47,97372.2,97765.0,21766.62386138,2024-12-19 19:00:00-05:00,2128013981.8078158
1734739200,96368.0,99596.57,97762.75,97230.08,6451.43271418,2024-12-20 19:00:00-05:00,627273318.9143386
1734825600,94182.98,97387.98,97230.09,95087.75,4933.50127735,2024-12-21 19:00:00-05:00,469115536.08533746
1734912000,92360.91,96430.08,95091.15,94764.56,13476.98947566,2024-12-22 19:00:00-05:00,1277140977.7855506
1734998400,93426.25,99444.0,94767.88,98594.47,13355.36314305,2024-12-23 19:00:00-05:00,1316764950.7465491
1735084800,97557.48,99484.92,98594.47,99346.28,5254.2370598,2024-12-24 19:00:00-05:00,521988906.1292675
1735171200,95083.93,99887.0,99358.67,95669.49,11403.37268934,2024-12-25 19:00:00-05:00,1090954849.4690862
1735257600,93234.31,97340.47,95669.4,94171.89,13169.12897588,2024-12-26 19:00:00-05:00,1240161765.312384
1735344000,94002.72,95534.17,94171.7,95130.82,2722.6591363,2024-12-27 19:00:00-05:00,259008796.21671078
1735430400,92841.48,95170.06,95125.59,93563.35,3417.52751094,2024-12-28 19:00:00-05:00,319755322.6407081
1735516800,91271.19,94910.48,93563.35,92620.71,15271.24432744,2024-12-29 19:00:00-05:00,1414433492.1909654
1735603200,91887.13,96148.94,92620.7,93354.22,10348.6325655,2024-12-30 19:00:00-05:00,966088521.2188514
1735689600,92743.63,94960.91,93347.59,94383.59,6871.73848196,2024-12-31 19:00:00-05:00,648579347.4685351
1735776000,94177.0,97776.99,94383.59,96903.19,10912.47383962,2025-01-01 19:00:00-05:00,1057453525.8507264
1735862400,96016.63,98969.92,96905.48,98136.51,9021.88538159,2025-01-02 19:00:00-05:00,885376344.9692608
1735948800,97516.65,98761.02,98139.85,98209.85,2742.08960614,2025-01-03 19:00:00-05:00,269300208.9055685
1736035200,97250.0,98814.0,98209.85,98345.33,2377.92175899,2025-01-04 19:00:00-05:00,233857500.102052
1736121600,97900.0,102500.0,98347.65,102279.41,15173.55606778,2025-01-05 19:00:00-05:00,1551942362.2144585
1736208000,96105.11,102735.99,102279.41,96941.98,16587.2869223,2025-01-06 19:00:00-05:00,1608004437.0758681
1736294400,92500.0,97254.35,96941.98,95036.63,14182.29739458,2025-01-07 19:00:00-05:00,1347837750.0386636
1736380800,91187.0,95363.26,95033.18,92547.44,9712.37853215,2025-01-08 19:00:00-05:00,898855769.4614402
1736467200,92209.25,95862.92,92547.44,94701.18,12634.03407823,2025-01-09 19:00:00-05:00,1196457935.3685932
1736553600,93804.05,94983.65,94701.48,94565.02,2638.69956767,2025-01-10 19:00:00-05:00,249528677.3907049
1736640000,93670.3,95383.84,94569.91,94509.62,2025.81612971,2025-01-11 19:00:00-05:00,191459112.6087628
1736726400,89028.64,95900.0,94507.24,94506.45,13094.86359481,2025-01-12 19:00:00-05:00,1237549071.5797315
1736812800,94311.36,97353.29,94507.35,96534.96,11210.74226727,2025-01-13 19:00:00-05:00,1082228556.3412187
1736899200,96400.0,100716.45,96534.97,100510.23,13610.74729401,2025-01-14 19:00:00-05:00,1368019340.9928226
1736985600,97277.58,100880.0,100504.27,99981.78,12312.37366854,2025-01-15 19:00:00-05:00,1231013035.405759
1737072000,99937.81,105970.0,99981.46,104107.0,20518.30949325,2025-01-16 19:00:00-05:00,2136099646.4137776
1737158400,102233.45,104933.15,104107.0,104435.0,7835.29991824,2025-01-17 19:00:00-05:00,818279546.9613944
1737244800,99518.0,106314.44,104435.01,101211.13,13312.63685598,2025-01-18 19:00:00-05:00,1347387019.473383
1737331200,99416.27,109358.01,101217.78,102145.43,32342.18311338,2025-01-19 19:00:00-05:00,3303606201.2549386
1737417600,100051.0,107291.1,102145.42,106159.26,19411.23488978,2025-01-20 19:00:00-05:00,2060682331.5852263
1737504000,103100.0,106431.34,106159.27,103667.11,10730.018962,2025-01-21 19:00:00-05:00,1112350056.03574
1737590400,101200.01,106870.87,103659.6,103926.36,25064.86499945,2025-01-22 19:00:00-05:00,2604900183.2842407
1737676800,102751.92,107200.0,103926.36,104850.27,12921.99361413,2025-01-23 19:00:00-05:00,1354874519.3798065
1737763200,104104.0,105294.0,104866.13,104733.56,3404.85308291,2025-01-24 19:00:00-05:00,356602384.65013945
1737849600,102452.24,105478.8,104729.92,102563.0,4575.36611531,2025-01-25 19:00:00-05:00,469263274.88453954
1737936000,97715.03,103228.46,102565.28,102062.42,23647.14111877,2025-01-26 19:00:00-05:00,2413484448.6631737
1738022400,100213.8,103770.85,102063.92,101290.0,9488.53429464,2025-01-27 19:00:00-05:00,961093638.7040856
1738108800,101275.6,104829.64,101290.01,103747.25,11403.20278905,2025-01-28 19:00:00-05:00,1183050930.5562675
1738195200,103289.74,106484.77,103747.25,104742.64,13061.34881233,2025-01-29 19:00:00-05:00,1368080156.5643086
1738281600,101506.0,106090.0,104742.63,102411.26,13313.68104489,2025-01-30 19:00:00-05:00,1363470851.0453014
1738368000,100250.0,102781.65,102414.05,100623.85,3390.25555744,2025-01-31 19:00:00-05:00,341140566.67350894
1738454400,96179.0,101459.84,100623.88,97676.52,10366.65062753,2025-02-01 19:00:00-05:00,1012578357.3529466
1738540800,91178.01,102599.85,97676.53,101460.2,31328.72219576,2025-02-02 19:00:00-05:00,3178618419.7262487
1738627200,96145.76,101812.23,101460.15,97795.05,14168.7031661,2025-02-03 19:00:00-05:00,1385629034.5639079
1738713600,96161.01,99230.49,97795.06,96638.33,9308.59185883,2025-02-04 19:00:00-05:00,899566771.8889269
1738800000,95674.96,99182.15,96635.62,96564.62,9168.94674634,2025-02-05 19:00:00-05:00,885395858.3605584
1738886400,95614.96,100235.79,96575.24,96537.08,12171.82534167,2025-02-06 19:00:00-05:00,1175032476.7548242
1738972800,95682.33,96919.05,96536.93,96476.25,2972.45715184,2025-02-07 19:00:00-05:00,286771519.2952038
1739059200,94730.67,97342.28,96476.24,96475.82,3417.87009701,2025-02-08 19:00:00-05:00,329741820.2625193
1739145600,95257.2,98367.23,96481.47,97444.41,6375.72539123,2025-02-09 19:00:00-05:00,621278799.0704266
1739232000,94831.07,98500.0,97451.66,95774.08,7737.05105717,2025-02-10 19:00:00-05:00,741008946.9134841
1739318400,94066.92,98119.98,95770.95,97862.53,9078.50356189,2025-02-11 19:00:00-05:00,888445327.180567
1739404800,95220.0,98100.0,97864.28,96625.29,6803.6078927,2025-02-12 19:00:00-05:00,657400585.6784264
1739491200,96268.56,98890.11,96625.29,97509.03,7744.67640105,2025-02-13 19:00:00-05:00,755175883.5302765
1739577600,97225.01,97997.85,97507.94,97596.94,1626.51929078,2025-02-14 19:00:00-05:00,158743305.6310982
1739664000,96057.68,97738.22,97596.54,96119.88,2174.29326885,2025-02-15 19:00:00-05:00,208992808.08666974
1739750400,95200.0,97050.64,96119.88,95781.8,3533.01273263,2025-02-16 19:00:00-05:00,338398318.9542201
1739836800,93333.0,96730.0,95781.8,95607.4,8867.39878431,2025-02-17 19:00:00-05:00,847788942.5310398
1739923200,95000.01,96880.0,95612.97,96632.03,6945.44897339,2025-02-18 19:00:00-05:00,671152833.5600916
1740009600,96419.07,98768.54,96632.03,98347.2,10582.84622768,2025-02-19 19:00:00-05:00,1040793294.5228904
1740096000,94721.92,99517.52,98347.2,96157.03,19298.23921958,2025-02-20 19:00:00-05:00,1855661367.5843306
1740182400,95767.95,96982.52,96157.03,96582.12,7324.02366243,2025-02-21 19:00:00-05:00,707369732.2476537
1740268800,95243.91,96679.93,96578.49,96265.98,3787.84705335,2025-02-22 19:00:00-05:00,364640808.68085
1740355200,91300.0,96515.41,96266.23,91510.82,12644.0435007,2025-02-23 19:00:00-05:00,1157066788.8647277
1740441600,85836.18,92549.99,91509.88,88583.74,31587.91715546,2025-02-24 19:00:00-05:00,2798175840.4408083
1740528000,82111.12,89305.68,88583.17,84111.78,21568.55463119,2025-02-25 19:00:00-05:00,1814169522.0566344
1740614400,82554.11,86993.87,84111.77,84625.19,16836.55524727,2025-02-26 19:00:00-05:00,1424796686.7457209
1740700800,78167.81,85116.19,84627.5,84297.73,30755.74245077,2025-02-27 19:00:00-05:00,2592639273.0645475
1740787200,83772.54,86534.96,84297.74,86018.76,6852.5441262,2025-02-28 19:00:00-05:00,589447348.5810075
1740873600,85003.35,95128.88,86018.82,94265.48,16751.22972996,2025-03-01 19:00:00-05:00,1579062711.0849497
1740960000,85007.01,94415.61,94265.47,86161.1,22691.67068614,2025-03-02 19:00:00-05:00,1955139307.1555774
1741046400,81444.0,88977.27,86161.09,87249.96,23130.37098654,2025-03-03 19:00:00-05:00,2018123943.3607757
1741132800,86329.22,91000.0,87247.93,90603.73,14900.93396554,2025-03-04 19:00:00-05:00,1350080197.7616155
1741219200,87790.5,92817.29,90607.73,89921.85,13303.43744669,2025-03-05 19:00:00-05:00,1196269706.5656414
1741305600,84608.27,91280.0,89915.02,86756.98,27137.2022302,2025-03-06 19:00:00-05:00,2354341711.1414165
1741392000,85200.0,86863.38,86753.3,86206.69,3023.2478665,2025-03-07 19:00:00-05:00,260624191.62052688
1741478400,80000.0,86480.0,86206.64,80699.17,7565.44749561,2025-03-08 19:00:00-05:00,610525333.5743057
1741564800,77389.0,84033.66,80708.21,78544.71,21375.10120997,2025-03-09 20:00:00-04:00,1678901125.757743
1741651200,76555.0,83600.0,78548.18,82914.51,17096.37980265,2025-03-10 20:00:00-04:00,1417537954.1106215
1741737600,80572.21,84442.69,82911.81,83659.43,12617.220582,2025-03-11 20:00:00-04:00,1055549482.0743881
1741824000,79890.0,84310.8,83659.45,81073.43,10506.80043483,2025-03-12 20:00:00-04:00,851822349.5771595
1741910400,80771.17,85318.61,81071.5,83980.49,10857.45703924,2025-03-13 20:00:00-04:00,911814562.3093245
1741996800,83612.24,84690.43,83989.86,84351.46,2331.92028578,2025-03-14 20:00:00-04:00,196700880.70916027
1742083200,81969.44,85092.35,84351.45,82562.57,4059.89765099,2025-03-15 20:00:00-04:00,335195584.00269747
1742169600,82416.98,84758.46,82562.5,84011.4,7785.97733364,2025-03-16 20:00:00-04:00,654110856.1673635
1742256000,81125.0,84029.67,84011.39,82698.76,7316.63296603,2025-03-17 20:00:00-04:00,605076473.6658031
1742342400,82535.53,87045.45,82699.53,86877.96,13056.03519886,2025-03-18 20:00:00-04:00,1134281703.7651513
1742428800,83596.75,87492.87,86877.97,84183.42,9880.31696275,2025-03-19 20:00:00-04:00,831758872.6083075
1742515200,83100.0,84809.72,84183.41,84061.96,6257.63558757,2025-03-20 20:00:00-04:00,526029112.4568859
1742601600,83659.69,84517.75,84061.96,83852.03,2108.51345069,2025-03-21 20:00:00-04:00,176803133.12266138
1742688000,83804.67,86128.99,83852.06,86092.94,3467.46945277,2025-03-22 20:00:00-04:00,298524639.5491604
1742774400,85533.06,88804.64,86092.95,87523.62,13107.50391644,2025-03-23 20:00:00-04:00,1147216191.9310062
1742860800,86321.97,88584.34,87518.09,87427.88,10153.98312373,2025-03-24 20:00:00-04:00,887741218.0634917
1742947200,85850.0,88304.1,87432.82,86926.01,6885.71986041,2025-03-25 20:00:00-04:00,598548153.4431982
1743033600,85784.0,87790.12,86926.01,87217.48,6904.09386105,2025-03-26 20:00:00-04:00,602157668.2442511
1743120000,83533.4,87498.15,87214.07,84381.8,10031.80008987,2025-03-27 20:00:00-04:00,846501348.8233924
1743206400,81608.99,84584.13,84381.81,82616.83,3194.24303663,2025-03-28 20:00:00-04:00,263898233.9359445
1743292800,81538.88,83508.98,82624.06,82379.98,2472.72302228,2025-03-29 20:00:00-04:00,203702873.12096593
1743379200,81265.16,83920.8,82379.98,82534.32,6887.94694226,2025-03-30 20:00:00-04:00,568492017.0755084
1743465600,82403.32,85566.53,82534.31,85170.37,9130.97692565,2025-03-31 20:00:00-04:00,777688683.2190729
1743552000,82283.01,88530.0,85166.92,82490.08,16748.28262337,2025-04-01 20:00:00-04:00,1381567173.4644012
1743638400,81177.7,83953.45,82490.1,83174.33,11800.91106566,2025-04-02 20:00:00-04:00,981532871.2758566
1743724800,81643.54,84720.67,83178.68,83860.16,14593.03092888,2025-04-03 20:00:00-04:00,1223773908.5808256
1743811200,82346.61,84238.35,83859.78,83498.25,2836.42920662,2025-04-04 20:00:00-04:00,236836875.0016584
1743897600,77058.99,83773.58,83505.88,78370.75,11014.8594773,2025-04-05 20:00:00-04:00,863242798.380609
1743984000,74420.69,81223.67,78370.15,79140.01,26706.52930797,2025-04-06 20:00:00-04:00,2113554996.4980385
1744070400,76167.35,80849.98,79140.02,76251.64,14917.02351692,2025-04-07 20:00:00-04:00,1137447507.0837178
1744156800,74553.01,83583.35,76258.8,82594.75,23584.94464084,2025-04-08 20:00:00-04:00,1947992606.3740196
1744243200,78387.24,82730.93,82593.15,79552.34,11876.12778689,2025-04-09 20:00:00-04:00,944773755.5861207
1744329600,78919.94,84299.0,79552.34,83380.47,9964.68703141,2025-04-10 20:00:00-04:00,830860288.0818706
1744416000,82765.26,85909.97,83379.64,85271.01,3972.49282052,2025-04-11 20:00:00-04:00,338738475.0234891
1744502400,83010.0,86092.99,85271.02,83733.07,3904.15929557,2025-04-12 20:00:00-04:00,326907243.5871135
1744588800,83655.27,85818.06,83733.07,84590.36,7247.02343319,2025-04-13 20:00:00-04:00,613028321.141978
1744675200,83592.77,86491.4,84590.36,83629.78,6461.77024421,2025-04-14 20:00:00-04:00,540396423.9338286
1744761600,83088.02,85526.4,83622.52,84028.72,8246.73748903,2025-04-15 20:00:00-04:00,692962795.379205
1744848000,83711.69,85494.94,84028.71,84961.97,5865.70077325,2025-04-16 20:00:00-04:00,498361493.1258433
1744934400,84287.06,85150.94,84961.97,84466.47,1884.07668707,2025-04-17 20:00:00-04:00,159141306.96609753
1745020800,84353.45,85625.0,84466.47,85074.99,1683.30746873,2025-04-18 20:00:00-04:00,143207366.06913006
1745107200,83972.82,85319.21,85074.59,85177.34,1812.14325365,2025-04-19 20:00:00-04:00,154353542.0448523
1745193600,85135.98,88575.62,85177.33,87522.07,12603.75828155,2025-04-20 20:00:00-04:00,1103107014.580899
1745280000,87077.17,93952.62,87513.53,93489.1,19460.09432868,2025-04-21 20:00:00-04:00,1819306704.7033975
1745366400,91902.19,94686.0,93486.57,93740.92,12538.32136507,2025-04-22 20:00:00-04:00,1175353780.0173175
1745452800,91685.18,94061.02,93740.93,94021.96,9320.8086182,2025-04-23 20:00:00-04:00,876360695.0680557
1745539200,92880.01,95976.34,94021.97,94708.79,14148.6339475,2025-04-24 20:00:00-04:00,1340000001.3206484
1745625600,93903.01,95273.52,94707.79,94666.64,2253.98942317,2025-04-25 20:00:00-04:00,213377605.28704205
1745712000,93654.77,95351.11,94666.64,93780.57,2304.93789541,2025-04-26 20:00:00-04:00,216158389.64615017
1745798400,92829.44,95652.66,93780.56,95042.57,7348.4883725,2025-04-27 20:00:00-04:00,698419220.5375174
1745884800,93761.26,95499.0,95042.56,94271.09,5979.94472886,2025-04-28 20:00:00-04:00,563735907.7293867
1745971200,92911.88,95263.74,94271.08,94182.54,6511.31778605,2025-04-29 20:00:00-04:00,613252447.8373655
1746057600,94136.79,97546.99,94182.55,96524.98,8334.02681063,2025-04-30 20:00:00-04:00,804441771.2155246
1746144000,96369.69,97948.56,96524.98,96929.81,5709.61012071,2025-05-01 20:00:00-04:00,553431424.1744974
1746230400,95765.13,96974.78,96929.81,95861.33,2077.55675998,2025-05-02 20:00:00-04:00,199157354.1621736
1746316800,94151.67,96312.51,95865.47,94272.55,2834.39686495,2025-05-03 20:00:00-04:00,267205820.1708421
1746403200,93500.01,95218.82,94272.54,94733.99,5181.01206583,2025-05-04 20:00:00-04:00,490817945.2342186
1746489600,93363.28,96916.25,94733.99,96839.17,6164.34738969,2025-05-05 20:00:00-04:00,596950284.8092462
1746576000,95800.0,97738.05,96843.84,97058.32,8328.69875473,2025-05-06 20:00:00-04:00,808369508.9201859
1746662400,96888.25,104176.05,97058.33,103253.49,15379.43544074,2025-05-07 20:00:00-04:00,1587980383.4860933
1746748800,102330.76,104352.6,103252.2,102986.96,7318.60440182,2025-05-08 20:00:00-04:00,753720818.7860603
1746835200,102831.41,104997.0,102986.94,104821.19,3104.17143581,2025-05-09 20:00:00-04:00,325382943.8656128
1746921600,103360.22,104980.89,104817.83,104137.62,3055.22813204,2025-05-10 20:00:00-04:00,318164186.22769135
1747008000,100703.71,105787.37,104137.58,102800.21,11005.40673978,2025-05-11 20:00:00-04:00,1131358123.9847996
1747094400,101447.78,105038.53,102800.22,104131.06,8727.89105836,2025-05-12 20:00:00-04:00,908844547.4715487
1747180800,102603.27,104373.0,104131.2,103545.38,7628.70177301,2025-05-13 20:00:00-04:00,789916823.9929942
1747267200,101400.01,104200.0,103540.91,103786.43,7563.00946962,2025-05-14 20:00:00-04:00,784937752.9080533
1747353600,103125.51,104616.71,103786.4,103500.03,6881.65708111,2025-05-15 20:00:00-04:00,712251714.3445975
1747440000,102612.0,103741.98,103500.03,103161.07,1848.95251021,2025-05-16 20:00:00-04:00,190739919.33244953
1747526400,103130.95,106692.97,103162.53,106473.46,4130.60889099,2025-05-17 20:00:00-04:00,439800220.53046817
1747612800,102105.0,107137.68,106488.77,105616.18,10104.32339011,2025-05-18 20:00:00-04:00,1067180037.9480678
1747699200,104209.18,107355.0,105616.21,106883.24,8804.38724819,2025-05-19 20:00:00-04:00,941041435.3012314
1747785600,106128.14,110788.98,106883.24,109699.54,18333.91491262,2025-05-20 20:00:00-04:00,2011222032.313554
1747872000,109217.23,112000.0,109697.19,111722.53,11250.38756124,2025-05-21 20:00:00-04:00,1256921761.8222628
1747958400,106800.01,111824.07,111722.54,107329.61,9638.23489571,2025-05-22 20:00:00-04:00,1034467992.444945
1748044800,106895.77,109517.79,107332.08,107794.01,2611.3560546,2025-05-23 20:00:00-04:00,281488540.66311294
1748131200,106632.35,109371.04,107794.01,109048.68,2996.9984274,2025-05-24 20:00:00-04:00,326818722.4700458
1748217600,108706.04,110474.41,109048.41,109464.32,4641.38117417,2025-05-25 20:00:00-04:00,508065634.09132063
1748304000,107536.41,110829.42,109464.33,108978.46,8827.06917845,2025-05-26 20:00:00-04:00,961960405.3809462
1748390400,106790.16,109344.89,108978.45,107819.29,6474.20131287,2025-05-27 20:00:00-04:00,698043788.8707112
1748476800,105315.0,108943.35,107819.26,105572.58,9305.58410478,2025-05-28 20:00:00-04:00,982414522.348615
1748563200,103634.48,106377.66,105572.58,104033.26,7866.16241154,2025-05-29 20:00:00-04:00,818342519.3619678
1748649600,103110.01,104965.5,104033.0,104645.87,2403.60824408,2025-05-30 20:00:00-04:00,251527675.84092394
1748736000,103800.81,105937.46,104645.87,105697.94,2369.92891564,2025-05-31 20:00:00-04:00,250496604.3295818
1748822400,103685.23,106000.0,105697.93,105904.94,5818.90812007,2025-06-01 20:00:00-04:00,616251115.3215262
1748908800,104910.01,106901.68,105909.79,105447.82,6486.4597778,2025-06-02 20:00:00-04:00,683983043.0866944
1748995200,104202.0,106058.47,105443.95,104753.38,4505.03599201,2025-06-03 20:00:00-04:00,471917747.1847005
1749081600,100345.73,105999.68,104753.37,101570.2,10627.57339852,2025-06-04 20:00:00-04:00,1079444755.6023562
1749168000,101132.91,105439.01,101570.2,104397.99,9677.25748525,2025-06-05 20:00:00-04:00,1010286230.1725547
1749254400,103969.7,106000.0,104398.0,105619.02,4141.10124271,2025-06-06 20:00:00-04:00,437379054.9758124
1749340800,105028.3,106548.9,105619.02,105784.4,1998.61011035,2025-06-07 20:00:00-04:00,211421771.35730854
1749427200,105368.27,110651.12,105784.41,110301.15,6581.24781856,2025-06-08 20:00:00-04:00,725919202.8221593
1749513600,108362.14,110420.08,110299.69,110300.24,5433.6716937,2025-06-09 20:00:00-04:00,599335291.8963165
1749600000,108091.74,110435.05,110300.25,108669.37,4603.3324446,2025-06-10 20:00:00-04:00,500241236.65524185
1749686400,105706.78,108853.74,108673.77,105721.05,5734.67136139,2025-06-11 20:00:00-04:00,606275477.7310803
1749772800,102746.01,106233.0,105716.45,106118.7,7441.52465913,2025-06-12 20:00:00-04:00,789684922.8448187
1749859200,104351.72,106264.36,106114.53,105465.42,2256.48702523,2025-06-13 20:00:00-04:00,237981351.84043255
1749945600,104505.05,106184.13,105465.42,105599.25,1722.80945227,2025-06-14 20:00:00-04:00,181927386.0526228
1750032000,104982.26,109000.0,105600.21,106853.38,5952.98369341,2025-06-15 20:00:00-04:00,636096428.7257423
1750118400,103363.3,107792.9,106853.38,104590.44,7688.94642443,2025-06-16 20:00:00-04:00,804190289.6675605
1750204800,103512.38,105603.63,104590.44,104915.6,4918.14382744,2025-06-17 20:00:00-04:00,515990010.5421641
1750291200,103916.37,105266.61,104915.6,104671.9,2279.05842007,2025-06-18 20:00:00-04:00,238553375.03972504
1750377600,102357.25,106553.86,104671.4,103317.8,5047.63626176,2025-06-19 20:00:00-04:00,521510673.7652673
1750464000,100919.19,104013.64,103317.79,102160.03,3287.51327489,2025-06-20 20:00:00-04:00,335852454.7881606
1750550400,98225.01,103417.0,102160.36,100996.87,7872.25874446,2025-06-21 20:00:00-04:00,795073493.0205898
1750636800,99677.07,106135.47,100996.87,105419.39,8910.86676597,2025-06-22 20:00:00-04:00,939378138.8398302
1750723200,104681.83,106366.29,105418.4,106141.0,5773.20907668,2025-06-23 20:00:00-04:00,612774184.6078919
1750809600,105875.0,108206.0,106141.01,107400.22,7072.65636297,2025-06-24 20:00:00-04:00,759604849.3673779
1750896000,106605.88,108345.0,107400.22,107029.64,4900.22231656,2025-06-25 20:00:00-04:00,524469030.4613828
1750982400,106413.79,107804.2,107029.63,107113.38,6310.43715745,2025-06-26 20:00:00-04:00,675932253.2120618
1751068800,106868.94,107599.81,107119.17,107352.2,1227.76803255,2025-06-27 20:00:00-04:00,131803599.38391411
1751155200,107230.0,108550.0,107352.2,108386.44,2154.86170312,2025-06-28 20:00:00-04:00,233557788.69351372
1751241600,106724.76,108800.0,108386.44,107173.21,4839.04838063,2025-06-29 20:00:00-04:00,518616348.29741895
1751328000,105262.0,107579.3,107173.21,105711.78,5152.72760186,2025-06-30 20:00:00-04:00,544704006.6477518
1751414400,105119.7,109823.08,105711.77,108888.32,7995.79258367,2025-07-01 20:00:00-04:00,870648421.5042858
1751500800,108574.31,110590.0,108887.03,109628.83,6434.57921608,2025-07-02 20:00:00-04:00,705415391.0011677
1751587200,107268.84,109812.94,109628.83,108028.6,3129.21859997,2025-07-03 20:00:00-04:00,338045104.44871914
1751673600,107783.1,108454.19,108028.6,108246.65,1513.15428554,2025-07-04 20:00:00-04:00,163793882.34284845
1751760000,107837.7,109736.64,108246.66,109217.98,1651.18120197,2025-07-05 20:00:00-04:00,180338675.49313542
1751846400,107507.0,109741.64,109217.98,108269.84,4455.08353019,2025-07-06 20:00:00-04:00,482351181.0003064
1751932800,107438.33,109255.99,108271.49,108958.04,3785.3907416,2025-07-07 20:00:00-04:00,412448755.83888245
1752019200,108329.87,112152.91,108953.58,111282.85,7683.83239574,2025-07-08 20:00:00-04:00,855078767.9202751
1752105600,110541.87,116842.0,111282.84,116031.3,12920.20742934,2025-07-09 20:00:00-04:00,1499148464.2959783
1752192000,115211.74,118909.74,116031.29,117582.16,10116.886206,2025-07-10 20:00:00-04:00,1189565332.5756848
1752278400,116940.82,118244.51,117582.16,117472.65,2397.72381256,2025-07-11 20:00:00-04:00,281666970.22952646
1752364800,117238.69,119500.0,117472.65,119130.81,3461.0430314,2025-07-12 20:00:00-04:00,412316859.77553743
1752451200,118949.18,123231.07,119130.81,119863.71,13536.79954839,2025-07-13 20:00:00-04:00,1622571015.39635
1752537600,115697.37,119973.3,119863.71,117781.64,23726.31356081,2025-07-14 20:00:00-04:00,2794524122.3464413
1752624000,117033.23,120134.8,117781.63,118681.68,9250.98642597,2025-07-15 20:00:00-04:00,1097922610.6913152
1752710400,117469.0,120998.76,118681.67,119273.69,8360.35130892,2025-07-16 20:00:00-04:00,997169950.3112184
1752796800,116892.42,120918.68,119273.7,118023.05,8735.40386401,2025-07-17 20:00:00-04:00,1030979007.0122455
1752883200,117337.59,118564.59,118023.06,117914.17,1700.0997198,2025-07-18 20:00:00-04:00,200465847.37744957
1752969600,116525.0,118921.76,117914.17,117312.7,2504.59032125,2025-07-19 20:00:00-04:00,293820252.9797049
1753056000,116565.01,119745.93,117315.68,117428.79,5450.55450292,2025-07-20 20:00:00-04:00,640052020.1069471
1753142400,116185.0,120300.0,117428.79,120026.42,7564.58852928,2025-07-21 20:00:00-04:00,907950479.9425436
1753228800,117342.21,120180.93,120034.21,118810.44,5526.13819924,2025-07-22 20:00:00-04:00,656562910.9525121
1753315200,117190.0,119557.7,118810.44,118397.04,7137.01277011,2025-07-23 20:00:00-04:00,845001186.4232244
1753401600,114750.0,118518.2,118400.0,117633.27,24633.33644271,2025-07-24 20:00:00-04:00,2897699916.7661448
1753488000,117095.73,118371.35,117633.27,117969.63,6974.42930567,2025-07-25 20:00:00-04:00,822770844.6510469
1753574400,117849.99,119800.0,117981.73,119465.52,4999.42180703,2025-07-26 20:00:00-04:00,597258525.8761786
1753660800,117380.6,119839.0,119465.52,118070.59,7647.38438521,2025-07-27 20:00:00-04:00,902931186.318532
1753747200,116900.0,119284.78,118074.43,117933.39,6070.86335715,2025-07-28 20:00:00-04:00,715957495.9354802
1753833600,115728.49,118809.43,117933.39,117830.15,4647.7410138,2025-07-29 20:00:00-04:00,547644020.817206
1753920000,115500.0,118920.0,117830.15,115761.13,4647.6521388,2025-07-30 20:00:00-04:00,538017463.4344049
1754006400,112659.0,116065.12,115756.12,113248.73,9196.58441635,2025-07-31 20:00:00-04:00,1041501505.4894288
1754092800,112000.0,114023.58,113248.83,112542.74,2946.5811158,2025-08-01 20:00:00-04:00,331616312.4043893
1754179200,111903.68,114794.99,112542.75,114215.73,2212.37278435,2025-08-02 20:00:00-04:00,252687772.59666783
1754265600,114118.18,115756.06,114215.7,115051.85,4655.53866243,2025-08-03 20:00:00-04:00,535628335.859097
1754352000,112622.14,115112.75,115056.14,114112.95,4943.38930608,2025-08-04 20:00:00-04:00,564104736.7152418
1754438400,113347.87,115749.99,114112.95,115028.83,4481.39474697,2025-08-05 20:00:00-04:00,515489594.5121051
1754524800,114268.6,117687.0,115028.83,117515.49,5804.23960803,2025-08-06 20:00:00-04:00,682088061.6150534
1754611200,115800.0,117687.0,117515.69,116683.79,4870.3042426,2025-08-07 20:00:00-04:00,568285557.4796474
1754697600,116343.34,117937.89,116683.79,116492.51,2586.17129292,2025-08-08 20:00:00-04:00,301269585.202196
1754784000,116480.0,119324.08,116492.5,119309.37,2850.61404026,2025-08-09 20:00:00-04:00,340104965.2565752
1754870400,118050.0,122319.14,119309.37,118701.84,7220.80819945,2025-08-10 20:00:00-04:00,857123219.5618019
1754956800,118190.81,120327.0,118701.83,120113.18,4615.45835079,2025-08-11 20:00:00-04:00,554377379.6709423
1755043200,118931.34,123740.24,120109.04,123365.63,8512.8860955,2025-08-12 20:00:00-04:00,1050197556.2895977
1755129600,117208.97,124533.0,123365.63,118389.79,10154.04939662,2025-08-13 20:00:00-04:00,1202135775.7154684
1755216000,116859.32,119339.57,118389.79,117436.96,4990.799358,2025-08-14 20:00:00-04:00,586104304.5734718
1755302400,117222.01,118028.68,117436.95,117455.68,1781.69438526,2025-08-15 20:00:00-04:00,209270125.57289526
1755388800,117249.49,118641.6,117455.69,117488.6,2021.61751952,2025-08-16 20:00:00-04:00,237517012.10387748
1755475200,114703.26,117633.8,117488.59,116286.76,6762.85366719,2025-08-17 20:00:00-04:00,786430341.3116434
1755561600,112696.56,116792.87,116286.75,112856.19,7918.58452813,2025-08-18 20:00:00-04:00,893661280.0376996
1755648000,112344.11,114627.37,112853.66,114276.0,5764.27605073,2025-08-19 20:00:00-04:00,658718409.9732214
1755734400,111964.0,114812.0,114276.0,112480.3,6033.74435365,2025-08-20 20:00:00-04:00,678677375.0218582
1755820800,111649.75,117416.73,112480.29,116908.68,8547.72089091,2025-08-21 20:00:00-04:00,999302766.3647121
1755907200,114505.0,116999.03,116911.9,115383.87,2245.41925268,2025-08-22 20:00:00-04:00,259085163.14672628
1755993600,110635.0,115616.53,115383.87,113478.0,4602.76322486,2025-08-23 20:00:00-04:00,522312365.2306631
1756080000,109275.74,113645.32,113478.0,110127.74,8509.20658676,2025-08-24 20:00:00-04:00,937099690.5929927
1756166400,108670.0,112399.99,110127.74,111788.01,7735.56524843,2025-08-25 20:00:00-04:00,864743445.3471453
1756252800,110351.11,112683.39,111788.04,111253.21,5151.42127925,2025-08-26 20:00:00-04:00,573112153.3788689
1756339200,110858.78,113480.0,111253.22,112574.85,4637.29182209,2025-08-27 20:00:00-04:00,522042431.27800846
1756425600,107469.13,112642.53,112574.84,108378.32,7806.0938333,2025-08-28 20:00:00-04:00,846011335.4154141
1756512000,107369.69,108928.79,108378.32,108827.93,2828.67461609,2025-08-29 20:00:00-04:00,307838803.1126194
1756598400,108060.79,109489.79,108827.92,108247.95,2702.50957636,2025-08-30 20:00:00-04:00,292541121.4963385
1756684800,107250.0,109907.51,108247.95,109240.55,5396.96365977,2025-08-31 20:00:00-04:00,589567278.5232877
1756771200,108400.0,111801.86,109240.55,111247.94,7398.40595759,2025-09-01 20:00:00-04:00,823057422.0656149
1756857600,110533.77,112600.0,111247.94,111756.41,5205.45031255,2025-09-02 20:00:00-04:00,581742439.3639659
1756944000,109321.0,112235.6,111756.4,110720.79,5253.71408228,2025-09-03 20:00:00-04:00,581695373.6241666
1757030400,110202.36,113390.0,110714.48,110670.02,7218.59124481,2025-09-04 20:00:00-04:00,798881637.4349476
1757116800,109993.0,111317.65,110670.02,110212.6,1621.65017738,2025-09-05 20:00:00-04:00,178726282.339511
1757203200,110200.01,111600.0,110214.21,111129.61,1646.11764246,2025-09-06 20:00:00-04:00,182932411.62069926
1757289600,110600.0,112940.84,111120.38,112072.57,5158.43294831,2025-09-07 20:00:00-04:00,578118837.6897789
1757376000,110765.72,113292.96,112072.57,111549.32,5158.45733241,2025-09-08 20:00:00-04:00,575422407.6793495
1757462400,110919.55,114362.1,111546.61,113983.97,7249.99346721,2025-09-09 20:00:00-04:00,826383037.8666606
1757548800,113433.92,115554.53,113983.98,115540.0,5575.3607407,2025-09-10 20:00:00-04:00,644177179.980478
1757635200,114774.19,116833.25,115540.01,116106.03,6493.57632751,2025-09-11 20:00:00-04:00,753943367.8891659
1757721600,115177.53,116378.04,116106.03,115968.35,2173.49651785,2025-09-12 20:00:00-04:00,252056804.9058101
1757808000,115166.0,116226.61,115968.33,115314.13,1967.88683794,2025-09-13 20:00:00-04:00,226925158.6555021
1757894400,114395.84,116802.0,115314.12,115381.08,6142.67859527,2025-09-14 20:00:00-04:00,708748890.4151355
1757980800,114750.0,117000.0,115381.07,116832.56,6012.58313417,2025-09-15 20:00:00-04:00,702465479.7779046
1758067200,114724.57,117327.24,116832.56,116484.4,7151.30033814,2025-09-16 20:00:00-04:00,833014929.108035
1758153600,116125.08,117998.17,116484.4,117117.99,7140.41942024,2025-09-17 20:00:00-04:00,836271570.2554742
1758240000,115132.71,117516.36,117117.99,115690.55,5874.11552075,2025-09-18 20:00:00-04:00,679579655.3591039
1758326400,115463.22,116194.63,115690.55,115752.4,2830.8502542,2025-09-19 20:00:00-04:00,327677710.9642601
1758412800,115237.16,115900.02,115752.9,115282.27,2071.01892785,2025-09-20 20:00:00-04:00,238751763.21551424
1758499200,111761.22,115441.37,115282.26,112736.59,8494.39097785,2025-09-21 20:00:00-04:00,957628672.9695746
1758585600,111502.08,113357.0,112736.59,112017.21,4512.04618772,2025-09-22 20:00:00-04:00,505426825.33953065
1758672000,111066.07,113999.98,112017.21,113348.17,4932.88303511,2025-09-23 20:00:00-04:00,559133264.8537642
1758758400,108623.7,113561.35,113348.16,109035.72,9197.26639402,2025-09-24 20:00:00-04:00,1002830563.3037744
1758844800,108645.02,110369.99,109036.0,109697.29,6826.16968974,2025-09-25 20:00:00-04:00,748812316.0446187
1758931200,109116.0,109815.08,109697.29,109681.16,1950.48703402,2025-09-26 20:00:00-04:00,213931680.45627308
1759017600,109230.98,112385.84,109681.15,112197.67,2397.09714427,2025-09-27 20:00:00-04:00,268948714.3507479
1759104000,111582.65,114490.0,112197.66,114365.07,5553.41779958,2025-09-28 20:00:00-04:00,635117015.3882127
1759190400,112695.85,114850.0,114361.66,114067.71,5044.09158186,2025-09-29 20:00:00-04:00,575367975.7730477
1759276800,113975.5,118718.8,114067.71,118659.97,9687.1228881,2025-09-30 20:00:00-04:00,1149473711.2882595
1759363200,118336.01,121111.0,118662.72,120621.32,8816.90252269,2025-10-01 20:00:00-04:00,1063506420.5981977
1759449600,119327.83,123996.81,120621.33,122318.4,11835.08733617,2025-10-02 20:00:00-04:00,1447648946.8205764
1759536000,121572.64,122896.0,122318.39,122458.56,2705.28818527,2025-10-03 20:00:00-04:00,331285695.5531774
1759622400,122195.28,125750.0,122458.55,123520.79,5820.77013157,2025-10-04 20:00:00-04:00,718986125.0599302
1759708800,123115.77,126296.0,123520.8,124720.09,9135.3086452,2025-10-05 20:00:00-04:00,1139356516.4071221
1759795200,120636.0,125226.34,124723.57,121393.95,8699.84065383,2025-10-06 20:00:00-04:00,1056108021.3390064
1759881600,121090.06,124254.31,121393.96,123343.25,6727.94848453,2025-10-07 20:00:00-04:00,829847031.914505
1759968000,119713.65,123822.08,123343.24,121714.51,6980.15210285,2025-10-08 20:00:00-04:00,849585792.9238573
1760054400,107000.0,122600.0,121714.51,112980.28,22432.34375511,2025-10-09 20:00:00-04:00,2534412478.5085793
1760140800,109683.96,113439.99,112976.01,110768.89,10041.88198008,2025-10-10 20:00:00-04:00,1112328120.4444637
1760227200,109687.46,115847.0,110768.9,115067.98,9699.03564495,2025-10-11 20:00:00-04:00,1116048439.6123936
1760313600,113700.27,116077.51,115067.96,115274.03,8147.76104518,2025-10-12 20:00:00-04:00,939225251.1549107
1760400000,109945.86,115514.91,115274.03,113068.0,11955.35437582,2025-10-13 20:00:00-04:00,1351768008.5652156
1760486400,110185.87,113671.99,113072.18,110804.12,7440.03782479,2025-10-14 20:00:00-04:00,824386843.9425701
1760572800,107464.53,112021.07,110804.11,108198.0,14792.78754529,2025-10-15 20:00:00-04:00,1600550026.8252876
1760659200,103516.75,109269.97,108197.99,106463.3,13824.34463474,2025-10-16 20:00:00-04:00,1471785350.151715
1760745600,106357.69,107535.68,106462.09,107208.91,3552.60959467,2025-10-17 20:00:00-04:00,380871402.30011255
1760832000,106091.25,109499.0,107208.91,108676.78,4841.63812975,2025-10-18 20:00:00-04:00,526173641.8664522
1760918400,107449.91,111748.6,108676.77,110568.06,6286.43529012,2025-10-19 20:00:00-04:00,695078954.3441056
1761004800,107444.6,114082.29,110568.05,108362.27,12890.45189253,2025-10-20 20:00:00-04:00,1396838628.400347
1761091200,106639.0,109188.27,108357.99,107585.98,9311.33986567,2025-10-21 20:00:00-04:00,1001769624.5611752
1761177600,107511.46,111342.6,107588.02,110116.03,6881.35851313,2025-10-22 20:00:00-04:00,757747880.4725784
1761264000,109725.51,112158.39,110116.02,111042.13,5915.09477083,2025-10-23 20:00:00-04:00,656824722.5048251
1761350400,110693.01,111968.52,111042.13,111666.21,1478.94798996,2025-10-24 20:00:00-04:00,165148516.82595128
1761436800,111260.33,115542.0,111666.22,114548.09,3808.17193597,2025-10-25 20:00:00-04:00,436218821.6569658
1761523200,113833.12,116410.06,114561.69,114087.06,5491.52581938,2025-10-26 20:00:00-04:00,626512035.6471552
1761609600,112203.0,116114.13,114087.06,112906.75,5342.86134585,2025-10-27 20:00:00-04:00,603245110.2605495
1761696000,109000.0,113690.17,112906.75,110032.13,6110.48087693,2025-10-28 20:00:00-04:00,672349226.2128757
1761782400,106279.33,111629.2,110031.65,108308.18,8481.34743643,2025-10-29 20:00:00-04:00,918599304.7873989
1761868800,108266.11,111066.1,108308.02,109555.27,6858.47522213,2025-10-30 20:00:00-04:00,751382104.7487621
1761955200,109342.47,110500.0,109555.63,110052.25,1707.44713625,2025-10-31 20:00:00-04:00,187908399.10036907
1762041600,108800.0,111221.99,110052.25,110536.01,3777.57822519,2025-11-01 20:00:00-04:00,417558424.47538406
1762128000,105271.67,110749.0,110533.83,106557.98,8657.30683772,2025-11-02 19:00:00-05:00,922505128.867631
1762214400,98892.97,107269.85,106557.98,101468.15,17052.82209797,2025-11-03 19:00:00-05:00,1730318310.5601346
1762300800,98950.0,104550.0,101468.16,103692.4,10624.75653487,2025-11-04 19:00:00-05:00,1101706504.516354
